﻿{
  "ProviderId": "Microsoft.VisualStudio.ConnectedService.Wcf",
  "Version": "15.0.31022.994",
  "GettingStartedDocument": {
    "Uri": "https://go.microsoft.com/fwlink/?linkid=858517"
  },
  "ExtendedData": {
    "inputs": [
      "../../../../../../../Desktop/SOAPPROJ.wsdl"
    ],
    "collectionTypes": [
      "System.Array",
      "System.Collections.Generic.Dictionary`2"
    ],
    "namespaceMappings": [
      "*, DomainOptions"
    ],
    "references": [
      "System.Numerics.Vectors, {System.Numerics.Vectors, 4.5.0}",
      "Xamarin.Essentials, {Xamarin.Essentials, 1.3.1}",
      "Xamarin.Forms.Core, {Xamarin.Forms, 4.3.0.908675}",
      "Xamarin.Forms.Platform, {Xamarin.Forms, 4.3.0.908675}",
      "Xamarin.Forms.Xaml, {Xamarin.Forms, 4.3.0.908675}"
    ],
    "targetFramework": "netstandard2.0",
    "typeReuseMode": "All"
  }
}